id,first_name,last_name,email,gender,ip_address
1,Judith,Gergus,jgergus0@bloomberg.com,Non-binary,171.23.212.135
2,Julius,Tyre,jtyre1@craigslist.org,Male,63.187.135.108
3,Laureen,Sliman,lsliman2@desdev.cn,Genderqueer,14.172.67.215
4,Kincaid,Lavrick,klavrick3@pinterest.com,Bigender,227.141.195.232
5,Buckie,Saffer,bsaffer4@oaic.gov.au,Female,68.207.25.14
6,Millard,Gullivent,mgullivent5@soup.io,Genderfluid,135.16.30.241
7,Zea,Boshers,zboshers6@nps.gov,Female,189.119.61.139
8,Kristos,Rossborough,krossborough7@google.it,Polygender,134.86.241.135
9,Melitta,Sings,msings8@ihg.com,Non-binary,116.116.172.184
10,Kinsley,Wightman,kwightman9@indiegogo.com,Genderqueer,17.134.129.225
11,Dore,Leadbetter,dleadbettera@businessinsider.com,Male,87.79.69.170
12,Gail,Beardwell,gbeardwellb@purevolume.com,Bigender,216.40.245.69
13,Jillane,Morteo,jmorteoc@storify.com,Male,109.42.91.244
14,Viola,Cassely,vcasselyd@jimdo.com,Female,130.53.149.207
15,Tedie,MacKniely,tmacknielye@tinypic.com,Female,1.181.169.116
16,Yelena,Shailer,yshailerf@oracle.com,Genderqueer,54.24.37.60
17,Langsdon,Cassel,lcasselg@lulu.com,Female,52.245.139.143
18,Christie,Yesinov,cyesinovh@gravatar.com,Non-binary,188.23.55.2
19,Xymenes,Gosart,xgosarti@miibeian.gov.cn,Bigender,201.176.72.104
20,Mattias,Dahl,mdahlj@cnet.com,Agender,65.79.148.165
21,Erminia,Kahane,ekahanek@hao123.com,Agender,132.87.255.217
22,Claus,Meaddowcroft,cmeaddowcroftl@hatena.ne.jp,Agender,53.83.227.31
23,Merwyn,Burl,mburlm@princeton.edu,Polygender,13.41.164.171
24,Roth,Devinn,rdevinnn@t-online.de,Non-binary,192.215.20.219
25,Shaylynn,Marmon,smarmono@geocities.com,Polygender,152.181.137.22
26,Elvyn,Peachment,epeachmentp@geocities.com,Bigender,32.31.189.139
27,Pam,Scane,pscaneq@utexas.edu,Female,249.8.222.67
28,Marlie,Hutchason,mhutchasonr@multiply.com,Female,98.242.106.190
29,Nev,Sextie,nsexties@yahoo.co.jp,Genderqueer,160.198.41.59
30,Galen,Guilliland,gguillilandt@pinterest.com,Genderqueer,67.82.142.63
31,Codee,Assante,cassanteu@soup.io,Polygender,192.140.69.186
32,Mallory,D'Antonio,mdantoniov@hud.gov,Agender,217.180.137.245
33,Gianina,Pears,gpearsw@fc2.com,Bigender,38.9.120.49
34,Othelia,Langston,olangstonx@discovery.com,Genderfluid,201.139.125.209
35,Geoffry,Kilminster,gkilminstery@tinyurl.com,Female,0.161.14.51
36,Diann,Pisco,dpiscoz@google.ru,Genderqueer,113.222.138.170
37,Anne-corinne,De Minico,ademinico10@phpbb.com,Non-binary,121.171.223.32
38,Cyb,Islep,cislep11@europa.eu,Non-binary,60.114.57.82
39,Dorolisa,Dendon,ddendon12@princeton.edu,Male,109.35.224.92
40,Claudine,Baiss,cbaiss13@addthis.com,Bigender,225.98.22.40
41,Ros,Rays,rrays14@meetup.com,Bigender,224.9.184.113
42,Jacinta,Harwin,jharwin15@acquirethisname.com,Male,71.72.112.79
43,Tann,Attaway,tattaway16@sfgate.com,Genderqueer,192.63.190.100
44,Ciel,Robins,crobins17@php.net,Agender,24.86.162.215
45,Cherin,Naisbit,cnaisbit18@state.tx.us,Genderfluid,195.37.31.135
46,Adriena,Churching,achurching19@wunderground.com,Bigender,220.236.252.158
47,Gayelord,Prandi,gprandi1a@hatena.ne.jp,Polygender,110.156.62.217
48,Nancy,Toffel,ntoffel1b@chron.com,Genderfluid,197.46.54.88
49,Haroun,Pennoni,hpennoni1c@surveymonkey.com,Polygender,32.39.35.57
50,Paulina,Pegrum,ppegrum1d@wordpress.com,Genderfluid,85.48.169.78
51,Anna-diane,Merrin,amerrin1e@fda.gov,Genderfluid,49.184.66.153
52,Cobb,Goldsbrough,cgoldsbrough1f@zdnet.com,Genderfluid,4.143.17.2
53,Reggi,Postill,rpostill1g@dell.com,Polygender,127.207.180.183
54,Fanny,Grunguer,fgrunguer1h@about.com,Non-binary,141.164.211.172
55,Gaile,Searjeant,gsearjeant1i@furl.net,Agender,139.255.227.144
56,Cherilynn,Cabera,ccabera1j@mozilla.com,Agender,131.250.22.151
57,Jeremiah,Braunston,jbraunston1k@themeforest.net,Bigender,36.147.187.57
58,Gustav,Toll,gtoll1l@yelp.com,Genderfluid,185.250.49.135
59,Allina,Charke,acharke1m@spiegel.de,Genderfluid,14.60.127.133
60,Margy,Inchan,minchan1n@jigsy.com,Female,178.4.217.228
61,Melessa,Bootman,mbootman1o@hexun.com,Polygender,49.18.148.17
62,Perry,Castel,pcastel1p@yahoo.co.jp,Genderqueer,164.82.34.122
63,Justino,Prinn,jprinn1q@dedecms.com,Bigender,23.87.254.84
64,Beckie,Hasted,bhasted1r@dailymail.co.uk,Bigender,234.115.112.71
65,Revkah,Radoux,rradoux1s@hubpages.com,Female,177.209.163.83
66,Bidget,Ranald,branald1t@economist.com,Genderqueer,155.186.27.178
67,Gusti,Masselin,gmasselin1u@icq.com,Male,116.9.94.49
68,Gisele,Castagnier,gcastagnier1v@storify.com,Female,228.177.24.41
69,Meg,Stenner,mstenner1w@gmpg.org,Genderqueer,106.125.66.46
70,Barron,Shattock,bshattock1x@liveinternet.ru,Polygender,16.4.197.63
71,Nelle,Uc,nuc1y@oakley.com,Female,30.65.150.141
72,Johannah,Tarbert,jtarbert1z@senate.gov,Non-binary,47.204.46.105
73,Putnem,Kasparski,pkasparski20@wordpress.com,Genderfluid,76.121.92.111
74,Marilin,Tellenbroker,mtellenbroker21@google.com.br,Female,141.45.27.197
75,Celestyn,Tubridy,ctubridy22@epa.gov,Non-binary,94.17.184.96
76,Tracey,Swaite,tswaite23@smugmug.com,Bigender,144.149.66.32
77,Reuven,Wagenen,rwagenen24@cloudflare.com,Non-binary,109.1.234.208
78,Elwin,Giovannacci,egiovannacci25@scientificamerican.com,Bigender,226.146.157.102
79,Shellie,Studd,sstudd26@wunderground.com,Agender,7.90.4.116
80,Ramonda,Harold,rharold27@businessweek.com,Female,175.212.207.6
81,Shay,Piggot,spiggot28@google.nl,Genderfluid,21.88.181.106
82,Armstrong,Criple,acriple29@diigo.com,Bigender,30.57.219.63
83,Teddi,Ollet,tollet2a@reuters.com,Genderqueer,109.187.209.212
84,Lavinia,Aughtie,laughtie2b@homestead.com,Male,67.162.114.38
85,Zechariah,MacKenny,zmackenny2c@odnoklassniki.ru,Polygender,246.115.77.209
86,Yorke,Wrenn,ywrenn2d@wufoo.com,Female,84.246.13.206
87,Allsun,Ashborne,aashborne2e@gizmodo.com,Non-binary,151.196.170.192
88,Caz,Sculpher,csculpher2f@cocolog-nifty.com,Agender,37.152.160.51
89,Arleta,Gawthorp,agawthorp2g@army.mil,Male,26.244.119.252
90,Ferne,Ourry,fourry2h@nsw.gov.au,Male,244.29.91.18
91,Andee,Coverlyn,acoverlyn2i@paypal.com,Bigender,108.210.83.219
92,Dacey,Simenet,dsimenet2j@pen.io,Female,184.98.191.149
93,Isacco,Howerd,ihowerd2k@elpais.com,Genderqueer,10.147.57.30
94,Blondelle,Cardiff,bcardiff2l@blog.com,Genderfluid,19.249.150.217
95,Hyacinth,Iannini,hiannini2m@abc.net.au,Genderqueer,76.79.77.179
96,Dorri,Bruno,dbruno2n@spiegel.de,Genderfluid,41.44.228.139
97,Benjy,Braghini,bbraghini2o@addtoany.com,Agender,12.210.71.165
98,Kelli,Calvard,kcalvard2p@nationalgeographic.com,Non-binary,234.8.42.5
99,Arvy,Yakob,ayakob2q@elpais.com,Agender,83.192.70.197
100,Allard,Tupie,atupie2r@adobe.com,Polygender,108.179.78.131
101,Leslie,Tweedlie,ltweedlie2s@pbs.org,Genderfluid,246.230.125.180
102,Bald,Andrzejewski,bandrzejewski2t@amazonaws.com,Female,191.35.50.154
103,Esmeralda,Culham,eculham2u@hud.gov,Agender,160.76.94.189
104,Claudie,Smallcombe,csmallcombe2v@feedburner.com,Polygender,141.107.48.209
105,Dynah,Ashman,dashman2w@wordpress.org,Non-binary,142.113.132.195
106,Tammy,Glastonbury,tglastonbury2x@ycombinator.com,Polygender,102.141.204.68
107,Carola,Gress,cgress2y@bbb.org,Male,240.89.175.212
108,Harriott,Kopfer,hkopfer2z@state.tx.us,Male,55.83.225.96
109,Darius,Crankshaw,dcrankshaw30@bbc.co.uk,Genderqueer,230.106.156.128
110,Reg,Molian,rmolian31@i2i.jp,Polygender,243.99.233.247
111,Gilda,Tillman,gtillman32@domainmarket.com,Male,118.228.208.23
112,Angelle,Kilian,akilian33@opensource.org,Bigender,160.245.189.12
113,Micki,MacCorkell,mmaccorkell34@wikimedia.org,Genderfluid,95.48.107.243
114,Thomasin,Heigho,theigho35@hao123.com,Bigender,192.0.241.218
115,Akim,MacGown,amacgown36@independent.co.uk,Polygender,19.167.177.40
116,Olivier,Girodon,ogirodon37@berkeley.edu,Bigender,24.83.50.241
117,Patrice,Garrison,pgarrison38@ustream.tv,Female,129.195.238.240
118,Petronille,Phillpot,pphillpot39@sourceforge.net,Bigender,62.205.105.58
119,Malinda,Mcimmie,mmcimmie3a@google.co.jp,Genderfluid,5.203.231.147
120,Lucais,Klugman,lklugman3b@feedburner.com,Genderfluid,76.186.38.138
121,Stu,Ducroe,sducroe3c@sun.com,Genderqueer,63.190.161.174
122,Beverlee,Scatcher,bscatcher3d@de.vu,Male,31.146.163.51
123,Portie,Vince,pvince3e@independent.co.uk,Genderfluid,230.27.202.109
124,Marys,Bromley,mbromley3f@bbc.co.uk,Female,179.46.104.116
125,Marissa,Bertelmot,mbertelmot3g@facebook.com,Agender,88.3.125.71
126,Alix,Mosey,amosey3h@cbc.ca,Genderqueer,253.163.19.52
127,Madelina,Grigorkin,mgrigorkin3i@auda.org.au,Genderfluid,238.133.192.61
128,Ana,Worsnip,aworsnip3j@hugedomains.com,Agender,7.13.161.248
129,Clari,Tamas,ctamas3k@chronoengine.com,Male,190.238.161.94
130,Marthena,Hymor,mhymor3l@theguardian.com,Genderfluid,91.23.185.240
131,Nikita,O'Sullivan,nosullivan3m@histats.com,Genderqueer,194.45.5.31
132,Tan,Catherine,tcatherine3n@indiatimes.com,Bigender,254.59.118.230
133,Glynis,Dackombe,gdackombe3o@wikimedia.org,Male,19.107.17.121
134,Angele,MacTerlagh,amacterlagh3p@bloglines.com,Male,215.99.246.255
135,Hettie,Linkie,hlinkie3q@auda.org.au,Male,69.201.205.142
136,Theresina,Batcock,tbatcock3r@multiply.com,Male,47.154.206.243
137,Vale,Wathen,vwathen3s@bing.com,Genderfluid,192.48.38.208
138,Sela,Cadreman,scadreman3t@meetup.com,Female,162.117.233.190
139,Xavier,Boldry,xboldry3u@hugedomains.com,Genderfluid,217.205.77.192
140,Yevette,Campany,ycampany3v@howstuffworks.com,Bigender,91.205.208.152
141,Sutherlan,Bergeon,sbergeon3w@mtv.com,Genderqueer,160.11.4.226
142,Vidovik,Haccleton,vhaccleton3x@blogger.com,Bigender,46.106.102.116
143,Bibi,MacTrustie,bmactrustie3y@sbwire.com,Female,210.228.187.255
144,Giulia,Gainforth,ggainforth3z@guardian.co.uk,Genderqueer,236.171.195.122
145,Free,Jardein,fjardein40@intel.com,Male,72.80.233.72
146,Gino,McAvaddy,gmcavaddy41@cornell.edu,Non-binary,84.111.129.179
147,Debby,Flippen,dflippen42@godaddy.com,Polygender,68.64.21.132
148,Gualterio,Olwen,golwen43@google.ru,Male,247.114.149.106
149,Audry,Collicott,acollicott44@jalbum.net,Non-binary,198.168.106.51
150,Yancey,Morriss,ymorriss45@icio.us,Male,23.159.2.26
151,Antoni,Sandhill,asandhill46@unesco.org,Non-binary,214.251.235.54
152,Stacey,Sola,ssola47@time.com,Bigender,143.142.184.79
153,Gwenni,De Blasiis,gdeblasiis48@house.gov,Agender,131.163.168.163
154,Lorie,Wesgate,lwesgate49@nbcnews.com,Female,138.132.1.205
155,Henryetta,Ledes,hledes4a@cargocollective.com,Bigender,56.239.179.20
156,Pascale,Ricardet,pricardet4b@ftc.gov,Genderfluid,211.149.73.47
157,Fax,Broke,fbroke4c@rediff.com,Genderfluid,248.81.44.162
158,Burty,Beetlestone,bbeetlestone4d@wunderground.com,Non-binary,154.36.175.155
159,Valera,Hastewell,vhastewell4e@digg.com,Genderfluid,188.70.31.206
160,Corrina,Loughran,cloughran4f@sogou.com,Bigender,47.222.1.191
161,Mathias,Bartlomiej,mbartlomiej4g@1688.com,Agender,53.48.43.130
162,Aleen,Ferreiro,aferreiro4h@harvard.edu,Genderfluid,29.14.3.104
163,York,Ceaplen,yceaplen4i@shinystat.com,Genderfluid,213.214.96.248
164,Aindrea,Adamides,aadamides4j@blinklist.com,Genderqueer,133.162.105.223
165,Joye,Pawlata,jpawlata4k@csmonitor.com,Polygender,194.219.127.98
166,Nickey,Duffet,nduffet4l@yale.edu,Non-binary,133.86.228.253
167,Renae,Stryde,rstryde4m@weibo.com,Non-binary,11.23.182.75
168,Rainer,Martinolli,rmartinolli4n@apple.com,Agender,110.184.4.200
169,Shell,Brandli,sbrandli4o@hao123.com,Non-binary,13.231.22.25
170,Gaven,McRoberts,gmcroberts4p@dagondesign.com,Female,12.101.14.230
171,Leroy,Churly,lchurly4q@google.com,Genderqueer,112.10.198.171
172,Fancy,Daley,fdaley4r@abc.net.au,Genderqueer,108.100.231.52
173,Jenifer,Ungaretti,jungaretti4s@eventbrite.com,Polygender,23.100.103.123
174,Darell,Marchiso,dmarchiso4t@squarespace.com,Genderfluid,205.119.60.201
175,Rickie,Klos,rklos4u@wordpress.org,Agender,202.248.47.182
176,Janeva,Corbridge,jcorbridge4v@feedburner.com,Non-binary,220.53.140.223
177,Kat,Eastmead,keastmead4w@surveymonkey.com,Agender,21.100.159.159
178,Jan,Petzolt,jpetzolt4x@admin.ch,Genderqueer,170.209.114.70
179,Raynor,Tellenbrok,rtellenbrok4y@booking.com,Polygender,95.139.236.117
180,Ulysses,Gitting,ugitting4z@ucoz.com,Non-binary,148.212.251.169
181,Huntley,Rorke,hrorke50@goodreads.com,Polygender,203.104.229.251
182,Celestyn,Yoselevitch,cyoselevitch51@howstuffworks.com,Genderfluid,131.124.130.243
183,Phillie,Weymont,pweymont52@creativecommons.org,Bigender,163.244.179.149
184,Kort,Sheber,ksheber53@eventbrite.com,Polygender,29.226.114.190
185,Yalonda,Tonn,ytonn54@google.com.au,Genderqueer,4.220.120.191
186,Trish,Viccary,tviccary55@vk.com,Non-binary,248.186.115.166
187,Dasya,Carlos,dcarlos56@technorati.com,Female,60.199.250.8
188,Sallie,Mansfield,smansfield57@creativecommons.org,Polygender,246.148.32.233
189,Jillane,Avrasin,javrasin58@ebay.com,Agender,113.64.177.200
190,Aile,Klaves,aklaves59@google.it,Polygender,154.172.176.17
191,Leo,Aisbett,laisbett5a@marriott.com,Female,68.254.207.28
192,Cole,Hurll,churll5b@wikipedia.org,Bigender,16.159.114.153
193,Gabriele,Deadman,gdeadman5c@unesco.org,Non-binary,230.71.127.112
194,Nappie,Basindale,nbasindale5d@globo.com,Genderfluid,23.43.222.46
195,Marylin,Luparto,mluparto5e@ft.com,Non-binary,31.222.33.130
196,Phillida,Keeting,pkeeting5f@prnewswire.com,Polygender,196.84.33.1
197,Putnem,Linder,plinder5g@linkedin.com,Female,134.216.36.230
198,Fae,Sewart,fsewart5h@lycos.com,Genderfluid,89.243.182.115
199,Harper,Grzelczyk,hgrzelczyk5i@macromedia.com,Female,115.94.61.7
200,Helyn,Lavigne,hlavigne5j@plala.or.jp,Polygender,21.1.48.16
201,Kylie,Lymer,klymer5k@facebook.com,Non-binary,165.92.110.17
202,Carlina,Alti,calti5l@oracle.com,Bigender,170.106.158.148
203,Greggory,Klimus,gklimus5m@csmonitor.com,Non-binary,246.65.243.51
204,Manolo,Birley,mbirley5n@miitbeian.gov.cn,Non-binary,117.135.88.51
205,Terrill,Ouldred,touldred5o@joomla.org,Female,47.70.74.189
206,Jannel,Heinert,jheinert5p@ibm.com,Bigender,141.191.184.70
207,Eugenie,Howieson,ehowieson5q@go.com,Genderqueer,2.3.154.249
208,Augustus,Corah,acorah5r@reverbnation.com,Female,205.255.234.209
209,Elisa,Hazley,ehazley5s@hatena.ne.jp,Genderqueer,37.99.60.74
210,Ignazio,Liger,iliger5t@photobucket.com,Agender,90.20.45.93
211,Joanna,Lusk,jlusk5u@squidoo.com,Non-binary,54.218.18.89
212,Tadio,Drife,tdrife5v@wordpress.com,Bigender,47.151.180.60
213,Zarah,Dearl,zdearl5w@mail.ru,Male,78.110.47.152
214,Albertina,Worlock,aworlock5x@toplist.cz,Agender,44.190.173.7
215,Agnella,Buckerfield,abuckerfield5y@youtube.com,Genderqueer,164.206.109.183
216,Ozzy,Pandey,opandey5z@foxnews.com,Non-binary,126.175.194.249
217,Fidelio,Schlag,fschlag60@discuz.net,Genderfluid,158.90.234.139
218,Stacia,Chern,schern61@narod.ru,Female,80.250.182.98
219,Atalanta,Penella,apenella62@macromedia.com,Non-binary,239.84.85.245
220,Crissy,Milhench,cmilhench63@icq.com,Polygender,218.184.247.127
221,Jennine,Leipoldt,jleipoldt64@baidu.com,Genderfluid,206.110.95.138
222,Justis,Vivian,jvivian65@tripod.com,Genderfluid,106.33.161.124
223,Roxana,Errett,rerrett66@cnet.com,Polygender,5.0.75.175
224,Borden,Iskowitz,biskowitz67@vinaora.com,Genderqueer,106.13.202.67
225,Tabb,Aisman,taisman68@mlb.com,Male,160.196.167.28
226,Nelie,McKie,nmckie69@businessweek.com,Genderqueer,165.137.195.240
227,Marci,McEneny,mmceneny6a@harvard.edu,Genderfluid,176.135.56.59
228,Heall,Gergher,hgergher6b@ocn.ne.jp,Female,111.39.235.19
229,Aristotle,Tranfield,atranfield6c@sourceforge.net,Genderqueer,33.40.18.17
230,Coleman,Henriksson,chenriksson6d@hc360.com,Male,142.177.206.190
231,Rhona,Job,rjob6e@i2i.jp,Bigender,254.174.163.129
232,Gilli,Arch,garch6f@weebly.com,Genderfluid,16.46.65.158
233,Clerissa,Maddox,cmaddox6g@simplemachines.org,Male,165.88.40.0
234,Jeannine,Seer,jseer6h@narod.ru,Non-binary,246.86.218.221
235,Beau,Halstead,bhalstead6i@netlog.com,Male,235.132.130.203
236,Elena,Dubose,edubose6j@squarespace.com,Female,72.54.35.121
237,Dayna,Garnam,dgarnam6k@tripadvisor.com,Polygender,77.249.226.116
238,Freida,Charlwood,fcharlwood6l@clickbank.net,Male,158.60.121.129
239,Selig,Rousel,srousel6m@disqus.com,Male,155.73.69.39
240,Hillery,MacKeig,hmackeig6n@tripadvisor.com,Bigender,102.191.104.41
241,Yvonne,Dawber,ydawber6o@drupal.org,Non-binary,79.123.76.9
242,Creighton,Hawyes,chawyes6p@europa.eu,Female,107.231.36.204
243,Percival,Flowitt,pflowitt6q@columbia.edu,Genderqueer,203.34.154.53
244,Agnes,Binns,abinns6r@ted.com,Genderfluid,18.32.122.148
245,Nelli,Abelson,nabelson6s@mashable.com,Polygender,193.156.4.137
246,Gerik,Dine-Hart,gdinehart6t@dyndns.org,Bigender,100.65.103.206
247,Milicent,Schustl,mschustl6u@163.com,Male,118.234.56.131
248,Bernadette,Masserel,bmasserel6v@skyrock.com,Female,49.199.167.5
249,Theobald,Stopforth,tstopforth6w@soup.io,Agender,206.63.120.200
250,Leonhard,Thing,lthing6x@multiply.com,Genderqueer,221.201.192.254
251,Benn,Methley,bmethley6y@tiny.cc,Female,208.92.229.216
252,Lenore,Fellnee,lfellnee6z@java.com,Agender,204.62.74.55
253,Ulrike,Limming,ulimming70@unesco.org,Polygender,231.55.229.252
254,Gaspard,Fellon,gfellon71@tiny.cc,Male,88.58.134.154
255,Mikey,Iacobucci,miacobucci72@topsy.com,Non-binary,171.31.182.67
256,Wilmette,Brittoner,wbrittoner73@bloglovin.com,Non-binary,218.223.107.239
257,Selinda,Acum,sacum74@miitbeian.gov.cn,Non-binary,175.32.135.139
258,Emery,Ellicock,eellicock75@wp.com,Polygender,63.46.74.184
259,Wileen,Garnsworth,wgarnsworth76@360.cn,Genderfluid,71.168.143.188
260,Olia,Shall,oshall77@google.fr,Polygender,149.217.16.171
261,Oby,Ellett,oellett78@clickbank.net,Genderqueer,108.28.232.172
262,Moore,Kits,mkits79@mashable.com,Genderqueer,141.199.35.215
263,Alverta,Jeanes,ajeanes7a@dropbox.com,Polygender,70.124.28.247
264,Ange,Meighan,ameighan7b@ca.gov,Bigender,191.74.111.232
265,Denise,Goldster,dgoldster7c@google.it,Non-binary,188.8.241.98
266,Marty,Savidge,msavidge7d@epa.gov,Female,36.213.71.133
267,Tonya,Brayford,tbrayford7e@barnesandnoble.com,Genderfluid,109.16.165.207
268,Rebekah,Amyes,ramyes7f@nationalgeographic.com,Bigender,180.194.134.221
269,Corella,Romney,cromney7g@netvibes.com,Male,123.181.198.114
270,Jerrilyn,Scranedge,jscranedge7h@loc.gov,Male,240.150.195.94
271,Erinn,Leavold,eleavold7i@google.pl,Male,161.143.231.152
272,Kerstin,Harryman,kharryman7j@geocities.com,Male,97.66.99.169
273,Isak,Charlotte,icharlotte7k@buzzfeed.com,Genderqueer,135.59.29.89
274,Dallas,Jepperson,djepperson7l@skype.com,Genderfluid,148.5.62.217
275,Bear,Chesney,bchesney7m@jigsy.com,Polygender,49.137.239.63
276,Betteann,Gethin,bgethin7n@independent.co.uk,Genderqueer,181.92.197.15
277,Ravi,McGilvra,rmcgilvra7o@pcworld.com,Genderqueer,104.80.220.186
278,Lou,Karolyi,lkarolyi7p@mtv.com,Agender,42.210.161.90
279,Leanora,Carlett,lcarlett7q@amazon.co.uk,Male,157.201.225.102
280,Jorey,Shorte,jshorte7r@bloomberg.com,Polygender,208.25.187.244
281,Conny,Fasler,cfasler7s@mediafire.com,Male,48.31.110.214
282,Alon,Reynault,areynault7t@bandcamp.com,Genderfluid,187.109.139.141
283,Ab,Jammet,ajammet7u@weebly.com,Genderqueer,166.186.14.209
284,Elayne,Baike,ebaike7v@yelp.com,Polygender,119.253.83.109
285,Shane,MacKill,smackill7w@ustream.tv,Male,220.106.53.31
286,Jameson,Abbes,jabbes7x@mysql.com,Genderqueer,242.183.220.247
287,Oliy,Harding,oharding7y@hexun.com,Bigender,5.135.185.199
288,Ettie,Sergeant,esergeant7z@canalblog.com,Polygender,206.73.162.181
289,Marnia,Meeking,mmeeking80@wunderground.com,Genderqueer,88.190.254.217
290,Granville,Copnall,gcopnall81@toplist.cz,Male,75.119.33.189
291,Conrade,Reuble,creuble82@wired.com,Genderqueer,71.220.76.174
292,Eziechiele,Cartmael,ecartmael83@sphinn.com,Genderqueer,213.96.85.29
293,Malina,Oswick,moswick84@woothemes.com,Genderfluid,5.244.16.198
294,Rebeca,Zoppie,rzoppie85@miibeian.gov.cn,Polygender,226.162.133.50
295,Stormi,Paumier,spaumier86@ow.ly,Non-binary,222.38.89.113
296,Noemi,Lange,nlange87@netvibes.com,Agender,165.226.158.145
297,Bartholomeo,Constantine,bconstantine88@vinaora.com,Male,78.85.140.210
298,Aeriell,Prew,aprew89@cnet.com,Female,1.245.32.13
299,Harri,Edser,hedser8a@quantcast.com,Agender,207.25.95.116
300,Emyle,McAuliffe,emcauliffe8b@blogs.com,Genderqueer,2.18.16.102
301,Leone,Ewins,lewins8c@pen.io,Male,15.47.76.240
302,Elbertine,Hammatt,ehammatt8d@hp.com,Polygender,7.36.33.164
303,Nikolaos,Andrewartha,nandrewartha8e@nationalgeographic.com,Male,14.64.209.165
304,Barri,Lelievre,blelievre8f@t.co,Bigender,33.105.187.94
305,Elden,Fidelli,efidelli8g@about.me,Genderqueer,29.49.49.214
306,Audre,Burleigh,aburleigh8h@de.vu,Male,133.228.72.135
307,Patric,Kepp,pkepp8i@mail.ru,Genderqueer,217.197.127.211
308,Petra,Robecon,probecon8j@webeden.co.uk,Bigender,53.154.47.208
309,Jim,Phelipeau,jphelipeau8k@dailymotion.com,Agender,188.108.218.133
310,Gayelord,Freeth,gfreeth8l@ask.com,Polygender,16.110.51.227
311,Valma,Orgill,vorgill8m@vistaprint.com,Male,177.26.42.151
312,Matteo,Siviour,msiviour8n@irs.gov,Agender,16.195.1.107
313,Stefano,Penley,spenley8o@reverbnation.com,Non-binary,164.213.148.20
314,Tobit,Cricket,tcricket8p@imgur.com,Male,216.173.43.13
315,Ashby,Probyn,aprobyn8q@uiuc.edu,Agender,226.92.76.214
316,Barret,Rayer,brayer8r@youtu.be,Male,180.161.251.123
317,Redford,Brasse,rbrasse8s@1688.com,Non-binary,162.77.251.89
318,Lida,Caveill,lcaveill8t@sogou.com,Polygender,191.160.128.113
319,Merrill,Verbrugghen,mverbrugghen8u@youtube.com,Agender,140.96.225.191
320,Hiram,Pigeram,hpigeram8v@hubpages.com,Non-binary,113.169.104.47
321,Gussy,Guillerman,gguillerman8w@redcross.org,Female,133.165.116.86
322,Barnaby,Jillis,bjillis8x@tumblr.com,Agender,204.103.183.178
323,Pebrook,Braycotton,pbraycotton8y@hao123.com,Non-binary,184.167.5.230
324,Olivero,Zink,ozink8z@fotki.com,Genderqueer,183.45.80.187
325,Ida,Ellcock,iellcock90@stanford.edu,Female,153.217.96.115
326,Penny,Butterworth,pbutterworth91@over-blog.com,Polygender,63.134.8.17
327,Natassia,Girard,ngirard92@vkontakte.ru,Polygender,46.243.181.247
328,Kevan,Everex,keverex93@chron.com,Non-binary,174.10.208.61
329,Tull,Waltho,twaltho94@moonfruit.com,Female,196.64.222.40
330,Waverly,Anthiftle,wanthiftle95@cisco.com,Female,98.138.74.246
331,Joy,Rivallant,jrivallant96@hud.gov,Non-binary,89.244.31.68
332,Karylin,Hamshere,khamshere97@toplist.cz,Female,33.47.211.245
333,Pauli,MacCleay,pmaccleay98@nationalgeographic.com,Female,204.176.142.64
334,Mia,Nealy,mnealy99@gnu.org,Genderfluid,8.234.1.205
335,Bobbi,Bollins,bbollins9a@sciencedaily.com,Genderfluid,99.21.230.187
336,Engelbert,Millier,emillier9b@gnu.org,Non-binary,43.184.117.160
337,Salvidor,Springford,sspringford9c@vistaprint.com,Female,248.61.50.254
338,Gertrud,Reditt,greditt9d@dyndns.org,Polygender,98.35.27.58
339,Gris,Sumption,gsumption9e@twitter.com,Non-binary,183.135.119.153
340,Gretna,Scriven,gscriven9f@telegraph.co.uk,Genderqueer,128.115.72.241
341,Violetta,O'Hickey,vohickey9g@nifty.com,Genderfluid,172.177.80.231
342,Valera,Thurby,vthurby9h@nytimes.com,Non-binary,124.84.17.4
343,Clayton,Edlyn,cedlyn9i@newyorker.com,Bigender,54.249.154.98
344,Ailene,Reeson,areeson9j@facebook.com,Non-binary,254.181.248.83
345,Frasco,Filipponi,ffilipponi9k@youku.com,Agender,26.26.114.140
346,Marie-ann,Pantridge,mpantridge9l@tumblr.com,Genderqueer,74.239.221.112
347,Catina,Prodrick,cprodrick9m@va.gov,Female,11.114.142.127
348,Britni,Boule,bboule9n@phoca.cz,Bigender,98.4.245.167
349,Quincey,Peddersen,qpeddersen9o@mlb.com,Genderqueer,24.23.67.160
350,Rina,Daffey,rdaffey9p@linkedin.com,Bigender,168.57.236.160
351,Cecelia,Matuschek,cmatuschek9q@i2i.jp,Female,235.249.140.9
352,Clark,Clothier,cclothier9r@taobao.com,Non-binary,14.142.212.103
353,Bernard,Fullbrook,bfullbrook9s@xing.com,Agender,33.214.203.75
354,Jenna,Verillo,jverillo9t@blogspot.com,Male,104.215.84.248
355,Gilbertine,Sobey,gsobey9u@studiopress.com,Non-binary,139.224.13.86
356,Onfroi,Airey,oairey9v@buzzfeed.com,Bigender,43.222.60.38
357,Boony,Hartnell,bhartnell9w@wordpress.org,Genderfluid,145.112.65.93
358,Chance,Gleasane,cgleasane9x@moonfruit.com,Polygender,44.83.236.2
359,Merissa,Izak,mizak9y@artisteer.com,Male,55.134.31.81
360,Siward,Lowdham,slowdham9z@opera.com,Female,171.32.89.230
361,Jojo,Harroll,jharrolla0@hhs.gov,Bigender,94.164.221.66
362,Aretha,Deddum,adedduma1@blogtalkradio.com,Polygender,88.239.128.246
363,Scotty,Rosenhaupt,srosenhaupta2@cornell.edu,Polygender,149.64.85.251
364,Lefty,Diddams,ldiddamsa3@theatlantic.com,Agender,156.201.42.39
365,Earle,Durak,eduraka4@springer.com,Bigender,156.251.48.79
366,Quintus,Manchester,qmanchestera5@epa.gov,Polygender,230.19.110.114
367,Meir,Masic,mmasica6@ebay.com,Genderqueer,150.222.36.90
368,Trstram,Libbe,tlibbea7@mtv.com,Genderfluid,189.11.128.236
369,Cliff,Philot,cphilota8@domainmarket.com,Genderfluid,118.191.137.220
370,Annora,Lideard,alidearda9@weibo.com,Polygender,111.227.1.240
371,Zelig,Ivachyov,zivachyovaa@china.com.cn,Agender,139.169.24.195
372,Neysa,Darbon,ndarbonab@clickbank.net,Female,155.106.108.17
373,Bradford,McReedy,bmcreedyac@spotify.com,Bigender,46.166.35.240
374,Dagny,Redmain,dredmainad@seesaa.net,Bigender,175.19.207.167
375,Derrek,Snoding,dsnodingae@omniture.com,Genderfluid,162.230.83.251
376,Clovis,Ovid,covidaf@opensource.org,Bigender,114.231.75.123
377,Allin,Beakes,abeakesag@sogou.com,Female,91.59.12.136
378,Ginger,Sothcott,gsothcottah@sciencedirect.com,Bigender,195.12.137.159
379,Ernaline,Cristofano,ecristofanoai@joomla.org,Bigender,218.209.115.167
380,Storm,Cheine,scheineaj@domainmarket.com,Genderfluid,214.163.130.39
381,Juline,Vallow,jvallowak@t.co,Agender,101.181.83.111
382,Sholom,Hissett,shissettal@taobao.com,Genderqueer,40.52.191.237
383,Hugh,Beslier,hbeslieram@bing.com,Polygender,146.244.173.44
384,Sherwin,Few,sfewan@blogs.com,Male,114.140.145.229
385,Daven,Harmston,dharmstonao@dyndns.org,Non-binary,161.36.154.163
386,Phillie,Orred,porredap@illinois.edu,Agender,84.104.87.27
387,Fletch,Biagioni,fbiagioniaq@cargocollective.com,Non-binary,75.115.122.31
388,Chelsie,Gerault,cgeraultar@over-blog.com,Genderqueer,30.112.173.253
389,Loren,Davidovicz,ldavidoviczas@huffingtonpost.com,Genderqueer,181.93.251.248
390,Georg,Kytley,gkytleyat@japanpost.jp,Polygender,57.253.169.101
391,Melessa,Gabby,mgabbyau@geocities.jp,Female,112.243.215.252
392,Egon,Lipyeat,elipyeatav@hp.com,Agender,247.246.0.190
393,Talyah,Ferrierio,tferrierioaw@rambler.ru,Polygender,160.223.186.129
394,Rois,Mattek,rmattekax@biblegateway.com,Polygender,92.143.224.255
395,Roselia,Emeny,remenyay@google.co.uk,Genderfluid,10.152.89.175
396,Yalonda,Bellard,ybellardaz@mapquest.com,Female,3.133.139.144
397,Jemie,Bunten,jbuntenb0@booking.com,Bigender,49.32.105.172
398,Xenos,Attenborough,xattenboroughb1@hexun.com,Male,149.113.67.14
399,Christean,Fuge,cfugeb2@flickr.com,Non-binary,92.93.78.87
400,Brion,Dummigan,bdummiganb3@prnewswire.com,Agender,65.232.204.94
401,Andriette,Ouchterlony,aouchterlonyb4@ameblo.jp,Genderfluid,197.172.217.110
402,Jessalyn,Filyakov,jfilyakovb5@chron.com,Agender,210.25.114.255
403,Millisent,Civitillo,mcivitillob6@yolasite.com,Male,30.3.174.61
404,Juan,Esson,jessonb7@clickbank.net,Male,114.153.155.222
405,Panchito,Form,pformb8@trellian.com,Agender,185.203.47.240
406,Anselma,Hanes,ahanesb9@macromedia.com,Polygender,248.176.182.220
407,Lovell,Broxis,lbroxisba@ameblo.jp,Female,145.239.126.147
408,Vladimir,Wallis,vwallisbb@tumblr.com,Male,11.213.141.139
409,Ermengarde,McKibbin,emckibbinbc@jimdo.com,Genderfluid,223.124.87.192
410,Mersey,Klaaasen,mklaaasenbd@comsenz.com,Non-binary,92.85.245.67
411,Alix,Norcliffe,anorcliffebe@illinois.edu,Genderfluid,202.112.218.253
412,Regen,Embury,remburybf@linkedin.com,Genderfluid,72.71.236.85
413,Kaspar,Setterington,ksetteringtonbg@bravesites.com,Female,254.238.25.223
414,Ambrosi,Stayt,astaytbh@theguardian.com,Genderfluid,140.201.105.192
415,Cacilia,Comber,ccomberbi@google.co.uk,Bigender,182.59.70.252
416,Willie,De'Vere - Hunt,wdeverehuntbj@dailymail.co.uk,Genderqueer,117.91.110.236
417,Nerta,Tomasello,ntomasellobk@bluehost.com,Genderfluid,160.48.211.150
418,Silvanus,Causey,scauseybl@scientificamerican.com,Female,104.100.228.0
419,Tadeo,Dabnor,tdabnorbm@ehow.com,Agender,183.172.71.135
420,Zulema,Taffee,ztaffeebn@senate.gov,Bigender,171.198.164.89
421,Tiena,Kyngdon,tkyngdonbo@nih.gov,Agender,154.22.203.93
422,Eb,Ludwell,eludwellbp@hexun.com,Male,20.99.19.190
423,Farrell,Wild,fwildbq@columbia.edu,Genderqueer,128.60.247.78
424,Bogart,Sarfat,bsarfatbr@sitemeter.com,Bigender,72.199.200.26
425,Lynnell,Lifton,lliftonbs@craigslist.org,Genderqueer,199.96.52.34
426,Lev,Grover,lgroverbt@youku.com,Genderfluid,211.136.66.237
427,Pansy,Manuello,pmanuellobu@yellowbook.com,Genderqueer,210.7.14.53
428,Carrol,Jenicek,cjenicekbv@sohu.com,Male,155.140.131.65
429,Margit,Garrioch,mgarriochbw@biblegateway.com,Polygender,242.210.32.89
430,Kermy,Garvie,kgarviebx@sun.com,Genderqueer,92.220.119.2
431,Eden,Rosten,erostenby@sakura.ne.jp,Genderqueer,232.77.1.94
432,Beck,Blackborough,bblackboroughbz@epa.gov,Agender,5.89.126.205
433,Sigvard,Boyn,sboync0@livejournal.com,Agender,255.97.102.86
434,Aguie,Barnham,abarnhamc1@microsoft.com,Genderqueer,147.69.200.224
435,Betteanne,McCauley,bmccauleyc2@washington.edu,Female,234.12.237.70
436,Leigha,Shimmin,lshimminc3@diigo.com,Agender,149.209.132.84
437,Claresta,Flockhart,cflockhartc4@nbcnews.com,Non-binary,26.93.214.121
438,Adina,Allner,aallnerc5@gmpg.org,Polygender,206.169.13.207
439,Cyndie,Goldstraw,cgoldstrawc6@360.cn,Polygender,211.105.216.113
440,Diahann,Moulster,dmoulsterc7@nature.com,Polygender,207.231.30.219
441,Gianina,Layland,glaylandc8@newyorker.com,Non-binary,19.86.13.9
442,Gardie,Pilpovic,gpilpovicc9@bloomberg.com,Female,230.65.128.222
443,Osborn,Kittoe,okittoeca@google.ru,Bigender,11.86.159.136
444,Husein,MacCartair,hmaccartaircb@people.com.cn,Genderfluid,52.147.134.69
445,Arielle,Silkstone,asilkstonecc@altervista.org,Bigender,14.232.189.16
446,Darelle,Phelps,dphelpscd@mysql.com,Agender,110.164.131.27
447,Shanie,Orton,sortonce@bloglovin.com,Female,193.77.110.170
448,Codee,Vannar,cvannarcf@stanford.edu,Female,11.111.9.93
449,Jodie,Stopher,jstophercg@cam.ac.uk,Genderfluid,156.186.35.94
450,Marilee,Mowlam,mmowlamch@people.com.cn,Agender,232.12.23.153
451,Becki,Morefield,bmorefieldci@theguardian.com,Female,168.51.205.61
452,Rayshell,Balden,rbaldencj@netvibes.com,Female,13.231.189.110
453,Torey,Reasce,treasceck@biglobe.ne.jp,Non-binary,59.239.246.209
454,Sheilah,Corp,scorpcl@geocities.jp,Bigender,121.112.75.91
455,Jamal,Gascoine,jgascoinecm@smugmug.com,Non-binary,219.112.134.209
456,Emanuele,Ravillas,eravillascn@zdnet.com,Agender,70.191.28.128
457,Gun,Kincla,gkinclaco@ucsd.edu,Agender,173.178.107.175
458,Rufus,Vaughan,rvaughancp@w3.org,Male,0.245.216.2
459,Ulrich,Hemphall,uhemphallcq@wisc.edu,Polygender,179.169.209.142
460,Tamiko,Brundrett,tbrundrettcr@histats.com,Polygender,218.225.103.248
461,Loralyn,Pont,lpontcs@paginegialle.it,Female,235.10.42.235
462,Jimmy,Abbay,jabbayct@simplemachines.org,Genderfluid,20.18.50.189
463,Celinda,Foote,cfootecu@si.edu,Non-binary,200.236.63.200
464,Nelia,Stocking,nstockingcv@simplemachines.org,Bigender,204.231.25.35
465,Brook,Redparth,bredparthcw@utexas.edu,Female,21.39.108.63
466,Devonne,Diche,ddichecx@comsenz.com,Male,38.210.116.122
467,Levon,Dorward,ldorwardcy@live.com,Agender,74.47.34.222
468,Amalea,Tansley,atansleycz@usnews.com,Polygender,154.161.199.224
469,Ali,Tatem,atatemd0@wp.com,Genderfluid,0.12.42.132
470,Cornie,Pentelo,cpentelod1@google.pl,Female,103.151.88.3
471,Hayes,Humberston,hhumberstond2@toplist.cz,Non-binary,144.23.227.162
472,Melitta,McFarland,mmcfarlandd3@chicagotribune.com,Non-binary,218.54.97.52
473,Guendolen,Gewer,ggewerd4@arstechnica.com,Agender,55.140.4.74
474,Giovanna,Weber,gweberd5@intel.com,Non-binary,235.1.43.60
475,Belicia,Grissett,bgrissettd6@skype.com,Male,64.123.123.60
476,Mendy,Allum,mallumd7@networksolutions.com,Polygender,71.32.43.142
477,Kalinda,Yesson,kyessond8@zimbio.com,Genderqueer,89.3.189.26
478,Ag,Franc,afrancd9@gmpg.org,Female,219.10.110.146
479,Andonis,Tarbard,atarbardda@nbcnews.com,Bigender,39.213.183.106
480,Miner,Uzzell,muzzelldb@bloomberg.com,Genderfluid,244.22.150.229
481,Galina,Losseljong,glosseljongdc@issuu.com,Female,99.200.55.63
482,Elsy,Kaufman,ekaufmandd@auda.org.au,Polygender,226.119.159.193
483,Jennica,Shaddock,jshaddockde@hp.com,Agender,129.43.128.186
484,Daffi,Fraschetti,dfraschettidf@domainmarket.com,Genderfluid,240.229.158.213
485,Janela,Lawdham,jlawdhamdg@skype.com,Bigender,1.255.86.74
486,Channa,Mc Meekan,cmcmeekandh@comcast.net,Male,224.141.74.143
487,Donny,Cuell,dcuelldi@theatlantic.com,Non-binary,254.59.136.130
488,Nora,Thompkins,nthompkinsdj@google.es,Female,1.217.226.44
489,Cleve,Row,crowdk@elpais.com,Bigender,32.92.206.64
490,Winnifred,World,wworlddl@mit.edu,Genderqueer,14.68.244.15
491,Marsha,Arlidge,marlidgedm@xing.com,Polygender,12.64.102.32
492,Monroe,Dakin,mdakindn@nationalgeographic.com,Agender,162.53.170.233
493,Marietta,Johanchon,mjohanchondo@linkedin.com,Genderqueer,103.132.231.219
494,Wayne,Mathan,wmathandp@reuters.com,Genderfluid,208.73.143.131
495,Ingar,Elloway,iellowaydq@google.ru,Agender,67.66.221.59
496,Mela,Shorrock,mshorrockdr@slideshare.net,Bigender,146.16.135.116
497,Kinsley,Burkart,kburkartds@salon.com,Non-binary,17.248.219.61
498,Gregory,Zebedee,gzebedeedt@icio.us,Genderqueer,39.98.125.199
499,Tarrance,Ruggier,truggierdu@t.co,Bigender,87.113.90.252
500,Malynda,Tickle,mtickledv@smh.com.au,Agender,153.164.202.212
501,Cyndy,McGahey,cmcgaheydw@columbia.edu,Bigender,147.52.151.163
502,Sidonnie,Pallent,spallentdx@photobucket.com,Female,195.105.248.36
503,Claybourne,Sizland,csizlanddy@ftc.gov,Non-binary,222.47.31.7
504,Kalinda,Batterton,kbattertondz@github.io,Bigender,175.93.10.233
505,Myrta,Pennells,mpennellse0@chron.com,Agender,119.214.164.163
506,Brigitta,Battersby,bbattersbye1@bizjournals.com,Agender,181.128.238.138
507,Beniamino,Goldup,bgoldupe2@dion.ne.jp,Genderfluid,200.248.251.249
508,Francine,Oiseau,foiseaue3@symantec.com,Agender,181.126.87.174
509,Alejoa,Vales,avalese4@wix.com,Agender,14.54.116.167
510,Clevie,Le Fevre,clefevree5@over-blog.com,Male,239.196.185.8
511,Nataniel,Naseby,nnasebye6@prnewswire.com,Genderqueer,121.67.45.50
512,Bonnie,Lynde,blyndee7@webmd.com,Polygender,198.184.195.123
513,Lyndsey,Hallwell,lhallwelle8@census.gov,Bigender,100.208.15.3
514,Adara,Kiraly,akiralye9@tinyurl.com,Polygender,56.144.202.233
515,Kacey,Bensusan,kbensusanea@ibm.com,Male,62.192.11.39
516,Marena,Boc,mboceb@unc.edu,Non-binary,230.102.152.114
517,Daisey,Hegel,dhegelec@uol.com.br,Genderfluid,122.111.64.151
518,Tymon,Gamet,tgameted@hostgator.com,Male,86.223.126.88
519,Ned,MacKean,nmackeanee@miibeian.gov.cn,Female,197.72.101.35
520,Thaine,Glyssanne,tglyssanneef@indiatimes.com,Agender,54.72.74.211
521,Boris,Houchen,bhoucheneg@behance.net,Non-binary,200.198.193.187
522,Engelbert,Hairsnape,ehairsnapeeh@nyu.edu,Male,187.111.106.211
523,Larina,Cotillard,lcotillardei@pen.io,Non-binary,0.10.133.138
524,Grantham,Spraberry,gspraberryej@goo.ne.jp,Male,24.12.239.196
525,Camey,Dunley,cdunleyek@newyorker.com,Bigender,145.35.206.106
526,Zebedee,Corter,zcorterel@facebook.com,Bigender,80.222.135.158
527,Ursuline,Carlet,ucarletem@xinhuanet.com,Non-binary,64.94.40.7
528,Almeta,Scarlin,ascarlinen@google.com.hk,Female,9.25.254.93
529,Everard,Whitebrook,ewhitebrookeo@opera.com,Non-binary,254.68.91.63
530,Hyacinthia,Hardstaff,hhardstaffep@businesswire.com,Non-binary,237.233.82.121
531,Cristen,MacCaughey,cmaccaugheyeq@cloudflare.com,Bigender,46.25.101.48
532,Milo,Wayman,mwaymaner@huffingtonpost.com,Male,185.135.185.31
533,Ardelle,Beran,aberanes@who.int,Agender,254.231.229.216
534,Madel,Fonzo,mfonzoet@chronoengine.com,Genderqueer,86.91.148.133
535,Lorrin,Stivani,lstivanieu@springer.com,Bigender,17.134.188.48
536,Augusta,Cuttelar,acuttelarev@homestead.com,Agender,144.62.143.90
537,Dynah,Frayne,dfrayneew@biblegateway.com,Bigender,72.59.159.114
538,Carolin,Heymann,cheymannex@miitbeian.gov.cn,Bigender,182.144.58.24
539,Malinda,Gulleford,mgullefordey@oakley.com,Non-binary,154.71.181.182
540,Nickola,Verring,nverringez@aboutads.info,Genderqueer,96.243.109.243
541,Vonni,Murrie,vmurrief0@noaa.gov,Bigender,60.80.108.214
542,Janis,Weedall,jweedallf1@squidoo.com,Bigender,206.143.119.0
543,Elwood,Prevost,eprevostf2@timesonline.co.uk,Agender,12.255.23.132
544,Reggie,Filliskirk,rfilliskirkf3@mit.edu,Genderfluid,14.177.31.57
545,Culver,Dombrell,cdombrellf4@yahoo.co.jp,Agender,8.253.77.208
546,Oliy,Smeuin,osmeuinf5@unesco.org,Polygender,227.126.55.70
547,Filberto,Mephan,fmephanf6@hatena.ne.jp,Genderfluid,96.169.255.35
548,Dyanna,Ashard,dashardf7@yahoo.co.jp,Male,122.174.115.58
549,Harriet,Bees,hbeesf8@storify.com,Female,73.67.224.188
550,Charmaine,Purkess,cpurkessf9@hostgator.com,Non-binary,2.126.153.157
551,Byram,Brimming,bbrimmingfa@cisco.com,Genderqueer,75.125.114.48
552,Jerrylee,Grimme,jgrimmefb@godaddy.com,Agender,193.151.82.48
553,Grace,Guise,gguisefc@pen.io,Female,171.56.118.49
554,Faunie,Phillcox,fphillcoxfd@wordpress.org,Male,63.151.74.223
555,Arlie,Sawfoot,asawfootfe@cloudflare.com,Bigender,200.167.28.244
556,Marylee,Tommasi,mtommasiff@furl.net,Agender,105.226.199.172
557,King,Dubock,kdubockfg@msn.com,Bigender,156.116.171.231
558,Laryssa,Robinett,lrobinettfh@tamu.edu,Female,78.66.67.70
559,Sula,Wanka,swankafi@kickstarter.com,Bigender,18.145.239.156
560,Penny,Boots,pbootsfj@sourceforge.net,Agender,233.30.182.15
561,Luce,Trowle,ltrowlefk@google.es,Agender,70.197.3.61
562,Christophe,Conrart,cconrartfl@blog.com,Male,237.226.48.38
563,Samuel,Patmore,spatmorefm@printfriendly.com,Genderqueer,153.172.102.80
564,Ronda,Mattock,rmattockfn@hubpages.com,Polygender,196.221.30.211
565,Avictor,Fley,afleyfo@comcast.net,Polygender,49.243.99.240
566,Gaspard,Sanday,gsandayfp@wsj.com,Male,113.236.147.40
567,Page,Cosely,pcoselyfq@yandex.ru,Genderqueer,235.161.31.103
568,Annabal,Gillebride,agillebridefr@msu.edu,Genderfluid,221.87.227.255
569,Pincas,Higounet,phigounetfs@lycos.com,Non-binary,52.139.81.181
570,Pieter,Leaver,pleaverft@stanford.edu,Female,95.153.160.114
571,Kellsie,Rosenschein,krosenscheinfu@comsenz.com,Bigender,212.243.77.115
572,Bette,Hearn,bhearnfv@mysql.com,Non-binary,254.26.96.51
573,Deny,Pindred,dpindredfw@chicagotribune.com,Non-binary,255.40.212.243
574,Chuck,Quadrio,cquadriofx@wordpress.org,Polygender,21.117.51.3
575,Orrin,Tramel,otramelfy@yandex.ru,Non-binary,111.165.174.92
576,Zia,Ardern,zardernfz@kickstarter.com,Non-binary,82.154.91.80
577,Donia,Brocks,dbrocksg0@addtoany.com,Genderqueer,197.69.101.142
578,Arabela,Wheatcroft,awheatcroftg1@amazon.de,Non-binary,222.249.193.226
579,Leann,Toal,ltoalg2@whitehouse.gov,Non-binary,179.19.128.202
580,Joy,Renshell,jrenshellg3@epa.gov,Polygender,8.250.69.131
581,Carolan,O'Quin,coquing4@narod.ru,Genderfluid,212.239.195.48
582,Esmeralda,Chettle,echettleg5@facebook.com,Male,198.71.72.252
583,Amara,Abbiss,aabbissg6@yolasite.com,Polygender,135.107.150.195
584,Olympia,Beake,obeakeg7@freewebs.com,Genderfluid,189.85.62.58
585,Brandi,Kelshaw,bkelshawg8@ow.ly,Agender,86.94.169.74
586,Zacherie,Perello,zperellog9@is.gd,Polygender,131.140.45.47
587,Emerson,Raithbie,eraithbiega@craigslist.org,Non-binary,45.157.101.141
588,Rockwell,Plaskett,rplaskettgb@exblog.jp,Polygender,72.88.250.103
589,Suzie,Layhe,slayhegc@walmart.com,Polygender,52.172.229.152
590,Gardener,Feldberger,gfeldbergergd@bloomberg.com,Genderqueer,165.98.131.69
591,Debbie,McNeigh,dmcneighge@unblog.fr,Genderqueer,30.39.86.209
592,Mirella,Marling,mmarlinggf@toplist.cz,Polygender,248.170.169.223
593,Ciro,Scrace,cscracegg@zimbio.com,Polygender,140.215.4.30
594,Isidora,Doyley,idoyleygh@cdc.gov,Male,96.42.31.92
595,Charlie,Stannus,cstannusgi@4shared.com,Agender,7.74.201.246
596,Mil,Pizzie,mpizziegj@whitehouse.gov,Polygender,219.123.23.168
597,Henderson,Tigwell,htigwellgk@timesonline.co.uk,Agender,87.219.141.173
598,Chaunce,Ellins,cellinsgl@weebly.com,Agender,252.20.7.126
599,Becca,Budnik,bbudnikgm@i2i.jp,Bigender,70.7.199.91
600,Isabelle,McIlveen,imcilveengn@wufoo.com,Male,39.95.209.109
601,Sheena,Aberhart,saberhartgo@yale.edu,Non-binary,127.205.109.255
602,Leif,Emblen,lemblengp@seattletimes.com,Polygender,74.174.213.99
603,Silvia,Licciardo,slicciardogq@phpbb.com,Genderqueer,175.194.128.33
604,Blair,Soppeth,bsoppethgr@psu.edu,Genderfluid,128.142.155.32
605,Claudian,Tethacot,ctethacotgs@php.net,Non-binary,21.234.59.77
606,Teddie,Westmancoat,twestmancoatgt@blogger.com,Male,28.166.226.30
607,Hasty,Gedney,hgedneygu@facebook.com,Agender,182.215.235.176
608,Stacey,Cisland,scislandgv@fastcompany.com,Genderfluid,229.103.46.201
609,Lotty,Masden,lmasdengw@sun.com,Bigender,133.137.62.110
610,Sim,Stonner,sstonnergx@hud.gov,Female,227.66.51.248
611,Jania,MacKegg,jmackegggy@jalbum.net,Polygender,98.79.130.156
612,Lanna,Pepper,lpeppergz@globo.com,Polygender,7.63.162.22
613,Kristo,Crayton,kcraytonh0@cornell.edu,Female,147.9.33.110
614,Cathyleen,Cona,cconah1@stumbleupon.com,Agender,173.198.85.22
615,Bonita,Snailham,bsnailhamh2@purevolume.com,Genderfluid,188.62.183.82
616,Marion,Ragles,mraglesh3@wikia.com,Bigender,119.234.227.79
617,Zandra,Gittens,zgittensh4@blinklist.com,Non-binary,25.171.50.241
618,Vonny,Gabbatiss,vgabbatissh5@google.pl,Male,24.67.107.230
619,Ranique,Franckton,rfrancktonh6@a8.net,Male,21.31.19.87
620,Johny,Flawith,jflawithh7@ifeng.com,Female,108.119.90.242
621,Katinka,Earp,kearph8@adobe.com,Agender,75.123.23.149
622,Pavel,Espadero,pespaderoh9@bigcartel.com,Female,103.202.33.107
623,Ive,Rawkesby,irawkesbyha@zdnet.com,Genderqueer,103.108.179.9
624,Margy,Casbourne,mcasbournehb@google.it,Non-binary,117.107.144.5
625,Jo,Veelers,jveelershc@archive.org,Female,73.50.34.24
626,Daryn,Gribbins,dgribbinshd@irs.gov,Genderqueer,188.51.182.9
627,Beck,Latliff,blatliffhe@patch.com,Male,155.115.32.201
628,Osbert,Machan,omachanhf@businessweek.com,Polygender,110.60.134.100
629,Kira,Housam,khousamhg@wikimedia.org,Male,39.157.196.254
630,Dewie,Mitkcov,dmitkcovhh@networksolutions.com,Male,44.44.208.152
631,Muffin,Stanett,mstanetthi@ibm.com,Genderfluid,65.206.208.36
632,Blanch,Quartermain,bquartermainhj@themeforest.net,Non-binary,254.228.247.54
633,Dora,Bruinsma,dbruinsmahk@goo.ne.jp,Bigender,4.180.20.9
634,Waylen,Barczynski,wbarczynskihl@mail.ru,Genderfluid,209.237.3.12
635,Candy,De Andisie,cdeandisiehm@google.co.uk,Female,14.47.203.175
636,Jarred,Slamaker,jslamakerhn@dagondesign.com,Female,157.97.154.27
637,Wilfred,Barens,wbarensho@dyndns.org,Polygender,207.160.3.62
638,Elsworth,Dabner,edabnerhp@hibu.com,Genderfluid,154.173.217.85
639,Josefa,Greenhead,jgreenheadhq@nyu.edu,Male,71.162.234.158
640,Malanie,Poyser,mpoyserhr@pcworld.com,Polygender,217.107.241.67
641,Hamlen,Center,hcenterhs@example.com,Female,235.161.80.2
642,Charmine,Mobbs,cmobbsht@mysql.com,Male,8.240.103.90
643,Octavius,Frankiss,ofrankisshu@yellowbook.com,Genderqueer,251.221.54.160
644,Lory,Cansdell,lcansdellhv@yahoo.co.jp,Genderqueer,250.25.113.32
645,Sharona,Tuite,stuitehw@google.pl,Bigender,41.137.186.125
646,Gal,Devorill,gdevorillhx@odnoklassniki.ru,Agender,81.41.200.217
647,Rosemaria,Lorenzo,rlorenzohy@skyrock.com,Genderfluid,209.69.158.106
648,Muriel,d'Escoffier,mdescoffierhz@mac.com,Agender,34.188.238.139
649,Edward,Ragless,eraglessi0@seesaa.net,Polygender,130.16.140.91
650,Eziechiele,Yeardley,eyeardleyi1@webs.com,Male,158.183.98.218
651,Alfy,Scarman,ascarmani2@oakley.com,Polygender,199.210.68.72
652,Tana,Valentino,tvalentinoi3@rakuten.co.jp,Non-binary,167.249.195.134
653,Jamaal,Hasel,jhaseli4@i2i.jp,Female,13.81.57.212
654,Anallise,O' Shea,aosheai5@hao123.com,Female,184.156.234.134
655,Ricki,Kempe,rkempei6@irs.gov,Non-binary,141.79.210.120
656,Cosimo,Liverseege,cliverseegei7@hostgator.com,Bigender,33.188.161.128
657,Joleen,Snasel,jsnaseli8@bbc.co.uk,Bigender,153.242.200.187
658,Boot,Espinosa,bespinosai9@ning.com,Polygender,93.221.177.98
659,Arther,Anthoine,aanthoineia@intel.com,Polygender,102.33.98.41
660,Silvie,Meenan,smeenanib@ezinearticles.com,Non-binary,211.84.15.183
661,Paule,Lethabridge,plethabridgeic@foxnews.com,Polygender,82.240.28.251
662,Mattie,Dillestone,mdillestoneid@flavors.me,Male,178.172.170.3
663,Harri,Lambarth,hlambarthie@microsoft.com,Male,98.164.51.117
664,Tony,Greene,tgreeneif@businessweek.com,Male,175.171.23.154
665,Tobie,Simonini,tsimoniniig@feedburner.com,Genderfluid,10.69.156.84
666,Emlynne,Biddy,ebiddyih@mashable.com,Female,195.210.207.59
667,Brewster,Giacovazzo,bgiacovazzoii@abc.net.au,Female,9.123.151.49
668,Gloria,Creavin,gcreavinij@usgs.gov,Genderfluid,27.20.104.97
669,Martica,Darree,mdarreeik@shop-pro.jp,Polygender,254.11.152.240
670,Caresse,Skamell,cskamellil@vkontakte.ru,Non-binary,237.153.106.210
671,Consalve,Beddie,cbeddieim@ed.gov,Non-binary,249.110.108.113
672,May,Grimmolby,mgrimmolbyin@themeforest.net,Polygender,223.245.108.55
673,Farrel,Dionisetto,fdionisettoio@imdb.com,Genderfluid,149.26.201.24
674,Margret,covino,mcovinoip@craigslist.org,Polygender,121.153.104.26
675,Akim,Pladen,apladeniq@house.gov,Genderqueer,19.4.41.127
676,Margaretta,Rosenqvist,mrosenqvistir@cpanel.net,Bigender,242.205.180.106
677,Stacy,Camellini,scamelliniis@economist.com,Genderqueer,95.52.184.171
678,Dennie,Lindblad,dlindbladit@parallels.com,Bigender,53.57.25.203
679,Hale,Brickell,hbrickelliu@hud.gov,Non-binary,151.16.110.107
680,Michaelina,Sara,msaraiv@cmu.edu,Genderfluid,114.157.240.128
681,Blakeley,Mouncey,bmounceyiw@psu.edu,Non-binary,137.177.100.198
682,Gabi,Beche,gbecheix@bbb.org,Genderqueer,242.55.185.206
683,Pammy,Haggerwood,phaggerwoodiy@digg.com,Genderqueer,174.52.99.252
684,Elliot,Threadgould,ethreadgouldiz@va.gov,Polygender,85.100.183.38
685,Michal,Snowling,msnowlingj0@psu.edu,Genderqueer,249.42.192.227
686,Mel,Frankland,mfranklandj1@bloglines.com,Polygender,108.106.244.100
687,Mandi,Jobey,mjobeyj2@ftc.gov,Non-binary,49.182.105.11
688,Desmund,Mangan,dmanganj3@ning.com,Bigender,52.104.238.5
689,Francklin,Veldman,fveldmanj4@sfgate.com,Male,85.158.74.63
690,Jone,Epinay,jepinayj5@bbc.co.uk,Female,135.55.63.49
691,Rebeca,Gutans,rgutansj6@google.co.uk,Non-binary,59.214.90.217
692,Brooks,Piscotti,bpiscottij7@nymag.com,Female,231.75.107.173
693,Jori,Kleimt,jkleimtj8@trellian.com,Genderfluid,240.149.199.22
694,Erina,Narraway,enarrawayj9@moonfruit.com,Male,88.134.153.62
695,Myrah,O'Hartnett,mohartnettja@timesonline.co.uk,Non-binary,136.162.99.221
696,Carry,Rangall,crangalljb@cbc.ca,Genderfluid,227.5.39.153
697,Jocko,Elgram,jelgramjc@fc2.com,Female,64.142.119.39
698,Moyra,Macken,mmackenjd@feedburner.com,Genderqueer,144.163.156.228
699,Karlan,De Stoop,kdestoopje@soundcloud.com,Genderfluid,233.137.224.5
700,Hermon,Plenderleith,hplenderleithjf@nsw.gov.au,Bigender,69.153.137.4
701,Jemimah,Klezmski,jklezmskijg@loc.gov,Genderqueer,40.66.212.193
702,Charyl,McTague,cmctaguejh@thetimes.co.uk,Agender,248.229.82.8
703,Alain,Hainey,ahaineyji@odnoklassniki.ru,Bigender,149.111.210.98
704,Ange,Normanvill,anormanvilljj@biblegateway.com,Genderfluid,83.56.183.110
705,Marsh,Angus,mangusjk@nasa.gov,Non-binary,233.189.135.0
706,Lisha,Browett,lbrowettjl@blinklist.com,Male,205.33.60.20
707,Kyle,Maidstone,kmaidstonejm@imdb.com,Agender,161.252.228.37
708,Emmery,Ivanitsa,eivanitsajn@sciencedirect.com,Genderfluid,139.127.171.159
709,Merilyn,Rocks,mrocksjo@google.de,Female,174.236.40.25
710,Sheff,Tredinnick,stredinnickjp@zdnet.com,Male,164.113.241.250
711,Ashil,Watson,awatsonjq@google.ru,Bigender,206.229.83.239
712,Jo-anne,Whithalgh,jwhithalghjr@webeden.co.uk,Agender,119.193.18.14
713,Leslie,Herkess,lherkessjs@independent.co.uk,Non-binary,19.140.18.119
714,Hollyanne,Churly,hchurlyjt@hibu.com,Genderfluid,203.64.64.60
715,Nevin,Stratton,nstrattonju@163.com,Non-binary,245.174.53.167
716,Alford,Croisdall,acroisdalljv@amazonaws.com,Male,179.1.167.20
717,Fiorenze,Bernhard,fbernhardjw@bloomberg.com,Female,179.120.195.245
718,Mayor,Sewill,msewilljx@about.me,Non-binary,116.239.4.95
719,Josselyn,Ratter,jratterjy@elpais.com,Female,214.115.194.221
720,Connie,Rentelll,crentellljz@geocities.com,Bigender,233.100.76.251
721,Gisella,Francello,gfrancellok0@hatena.ne.jp,Polygender,110.194.181.225
722,Demetrius,Bryan,dbryank1@ask.com,Genderqueer,95.149.147.88
723,Audrye,Minors,aminorsk2@sciencedirect.com,Male,244.85.143.136
724,Kellina,Exon,kexonk3@whitehouse.gov,Female,113.187.76.198
725,Fey,Huston,fhustonk4@photobucket.com,Non-binary,109.24.3.236
726,Marleah,Thuillier,mthuillierk5@clickbank.net,Non-binary,144.23.129.42
727,Casey,Brookson,cbrooksonk6@redcross.org,Bigender,118.234.154.60
728,Etheline,Denizet,edenizetk7@columbia.edu,Male,135.141.161.145
729,Nance,Gregolotti,ngregolottik8@oaic.gov.au,Agender,32.184.209.132
730,Susanne,Gilstoun,sgilstounk9@vimeo.com,Genderqueer,68.106.165.201
731,Jed,McKiernan,jmckiernanka@t-online.de,Genderqueer,192.186.48.20
732,Matias,Gercke,mgerckekb@google.com.br,Polygender,77.224.203.218
733,Allison,Adamson,aadamsonkc@independent.co.uk,Agender,113.93.3.204
734,Esdras,Oxtiby,eoxtibykd@mit.edu,Non-binary,32.60.122.17
735,Lian,Wales,lwaleske@omniture.com,Male,215.73.83.17
736,Grace,Berrisford,gberrisfordkf@pagesperso-orange.fr,Genderfluid,27.121.211.159
737,Meryl,Rudwell,mrudwellkg@army.mil,Polygender,232.42.60.238
738,Audre,Littrell,alittrellkh@slashdot.org,Polygender,61.112.52.102
739,Maegan,Peake,mpeakeki@1688.com,Agender,153.32.116.13
740,Kippy,Moloney,kmoloneykj@umn.edu,Female,210.86.167.187
741,Sigismund,Vittori,svittorikk@cdc.gov,Genderfluid,170.116.24.255
742,Kenneth,Stanmer,kstanmerkl@bigcartel.com,Genderfluid,47.142.121.142
743,Jessica,Cofax,jcofaxkm@reference.com,Genderfluid,120.208.205.126
744,Leo,Starr,lstarrkn@microsoft.com,Female,146.221.29.230
745,Florry,Pendrich,fpendrichko@sina.com.cn,Bigender,228.202.239.251
746,Adam,Wootton,awoottonkp@zimbio.com,Female,242.15.128.120
747,Raynard,Wedlake,rwedlakekq@indiegogo.com,Male,10.230.167.81
748,Nanon,McRobbie,nmcrobbiekr@usatoday.com,Agender,45.75.168.71
749,Beatrix,Baumert,bbaumertks@networksolutions.com,Genderqueer,121.51.229.232
750,Myrwyn,Shemming,mshemmingkt@miibeian.gov.cn,Polygender,29.134.139.125
751,Der,Simison,dsimisonku@google.co.uk,Genderqueer,23.150.109.154
752,Markus,Baldam,mbaldamkv@omniture.com,Female,137.191.26.152
753,Erinn,Munslow,emunslowkw@histats.com,Female,141.91.39.59
754,Vi,Fewster,vfewsterkx@kickstarter.com,Bigender,185.22.61.35
755,Gran,Brouncker,gbrounckerky@godaddy.com,Male,35.250.141.18
756,Delano,Gannicott,dgannicottkz@sphinn.com,Genderqueer,172.39.55.187
757,Georgeanna,Lepard,glepardl0@businesswire.com,Polygender,124.247.215.228
758,Linzy,Scanlon,lscanlonl1@shareasale.com,Non-binary,2.28.184.174
759,Kaia,Tarrier,ktarrierl2@hugedomains.com,Genderqueer,131.22.129.183
760,Jacquenetta,Ionnidis,jionnidisl3@prnewswire.com,Bigender,76.197.114.214
761,Katinka,Amort,kamortl4@arizona.edu,Genderqueer,110.209.14.155
762,Marje,Jozefowicz,mjozefowiczl5@harvard.edu,Male,87.87.228.72
763,Annemarie,Yeldham,ayeldhaml6@youtu.be,Agender,247.11.161.155
764,Willetta,Dodworth,wdodworthl7@alexa.com,Polygender,45.80.113.48
765,Rhoda,Cranmere,rcranmerel8@discovery.com,Genderfluid,57.210.65.68
766,Boone,Blethyn,bblethynl9@last.fm,Bigender,116.39.46.195
767,Jobye,Bronger,jbrongerla@github.io,Polygender,214.249.231.54
768,Ermentrude,Tirrell,etirrelllb@goo.gl,Non-binary,105.214.132.48
769,Patrizius,Eminson,peminsonlc@harvard.edu,Bigender,109.7.181.128
770,Sigmund,Heller,shellerld@chronoengine.com,Polygender,76.93.167.242
771,Spence,Cleveland,sclevelandle@buzzfeed.com,Bigender,171.179.175.79
772,Robert,Koomar,rkoomarlf@slate.com,Genderfluid,39.176.78.235
773,Lem,Brind,lbrindlg@homestead.com,Genderqueer,57.149.52.178
774,Roarke,Najafian,rnajafianlh@lulu.com,Non-binary,147.245.233.218
775,Thorsten,Downing,tdowningli@so-net.ne.jp,Agender,70.202.254.15
776,Umeko,Leisk,uleisklj@state.tx.us,Female,53.167.204.249
777,Kerk,Simon,ksimonlk@hibu.com,Non-binary,82.29.106.108
778,Rahel,Averay,raverayll@unc.edu,Bigender,67.30.29.100
779,Greta,Foukx,gfoukxlm@bbb.org,Genderqueer,113.51.102.66
780,Lila,Rowter,lrowterln@reverbnation.com,Polygender,252.249.28.6
781,Keene,Brekonridge,kbrekonridgelo@ted.com,Female,186.199.69.95
782,Estrella,Burchard,eburchardlp@hao123.com,Bigender,191.218.51.202
783,Mayne,Callum,mcallumlq@hostgator.com,Genderfluid,200.51.51.132
784,Ralf,Matthiesen,rmatthiesenlr@uiuc.edu,Female,193.250.141.238
785,Lorinda,Gwillyam,lgwillyamls@jalbum.net,Non-binary,0.139.2.97
786,Hy,Clohessy,hclohessylt@delicious.com,Non-binary,60.31.203.60
787,Dulcy,Duddy,dduddylu@telegraph.co.uk,Bigender,70.177.160.192
788,Laura,Maslin,lmaslinlv@nydailynews.com,Polygender,227.81.166.2
789,Jerrylee,Batha,jbathalw@webs.com,Female,77.24.161.26
790,Cissiee,Gradley,cgradleylx@senate.gov,Male,106.163.20.64
791,Reagan,Schimoni,rschimonily@phpbb.com,Agender,0.203.72.202
792,Marice,Omond,momondlz@joomla.org,Female,113.247.31.164
793,Briggs,Stanlack,bstanlackm0@drupal.org,Agender,131.144.17.144
794,Carmon,Braybrooks,cbraybrooksm1@shop-pro.jp,Genderqueer,202.185.137.117
795,Uriah,Kemsley,ukemsleym2@jugem.jp,Male,234.63.127.9
796,Dorolisa,Rowsel,drowselm3@paypal.com,Genderfluid,101.112.55.118
797,Sydney,Coatman,scoatmanm4@xing.com,Agender,247.38.227.198
798,Dominga,Castanares,dcastanaresm5@vimeo.com,Genderqueer,57.230.229.243
799,Batsheva,Fellibrand,bfellibrandm6@chicagotribune.com,Genderfluid,144.146.20.37
800,Elora,Rachuig,erachuigm7@gravatar.com,Bigender,201.1.112.198
801,Carson,Anderl,canderlm8@dot.gov,Genderqueer,38.2.214.50
802,Lanie,Sayles,lsaylesm9@imageshack.us,Female,166.10.111.190
803,Adriaens,Paragreen,aparagreenma@slideshare.net,Bigender,134.20.61.232
804,Patrica,Kettoe,pkettoemb@dropbox.com,Genderfluid,234.115.127.197
805,Jeremias,Mathen,jmathenmc@jigsy.com,Non-binary,26.22.216.234
806,Hendrick,Andrejevic,handrejevicmd@phpbb.com,Polygender,178.166.110.90
807,Alys,Jarville,ajarvilleme@cbsnews.com,Agender,182.193.40.200
808,Maryanna,Hayles,mhaylesmf@time.com,Female,237.219.138.19
809,Phineas,Grigorkin,pgrigorkinmg@businessweek.com,Genderqueer,254.60.114.235
810,Darryl,Sitch,dsitchmh@whitehouse.gov,Male,140.8.241.171
811,Maynord,Torry,mtorrymi@sun.com,Male,16.10.49.51
812,Tedra,Dayment,tdaymentmj@imgur.com,Male,217.49.202.213
813,Remington,Holleworth,rholleworthmk@weebly.com,Bigender,214.249.107.44
814,Norine,Iddenden,niddendenml@japanpost.jp,Polygender,74.228.244.34
815,Minnie,Alanbrooke,malanbrookemm@earthlink.net,Polygender,200.97.244.206
816,Mariel,Gatcliff,mgatcliffmn@soundcloud.com,Bigender,80.11.84.104
817,Bob,De Zuani,bdezuanimo@twitpic.com,Genderfluid,168.209.101.15
818,Hashim,Farey,hfareymp@blogtalkradio.com,Non-binary,223.23.61.242
819,Lorne,Robotham,lrobothammq@altervista.org,Non-binary,18.229.96.95
820,Monique,Higbin,mhigbinmr@gravatar.com,Polygender,84.123.65.205
821,Angelina,Herrema,aherremams@cyberchimps.com,Agender,140.154.152.221
822,Ericka,Adan,eadanmt@upenn.edu,Non-binary,207.148.97.37
823,Arther,Stansall,astansallmu@house.gov,Female,185.167.51.229
824,Latia,Jude,ljudemv@wsj.com,Genderqueer,90.189.140.128
825,Gradey,Ramsell,gramsellmw@wikia.com,Non-binary,106.110.168.78
826,Tanny,Menguy,tmenguymx@amazon.co.jp,Male,94.186.118.101
827,Had,Enga,hengamy@blogger.com,Non-binary,238.253.22.180
828,Felicio,Audry,faudrymz@time.com,Genderqueer,49.251.105.127
829,Nollie,Deboy,ndeboyn0@yale.edu,Male,17.46.69.233
830,Shir,Pinwill,spinwilln1@google.com,Non-binary,219.190.3.227
831,Jamey,Grisley,jgrisleyn2@netvibes.com,Genderfluid,99.252.172.87
832,Jayne,Saladin,jsaladinn3@sciencedirect.com,Female,73.104.149.236
833,Derby,Kinnier,dkinniern4@guardian.co.uk,Bigender,199.146.219.51
834,Alexio,McCarlich,amccarlichn5@reference.com,Male,32.92.34.224
835,Floris,Cassells,fcassellsn6@istockphoto.com,Female,121.34.209.151
836,Jamil,Monnoyer,jmonnoyern7@ftc.gov,Polygender,248.164.157.35
837,Antonetta,Hannum,ahannumn8@disqus.com,Genderqueer,191.96.250.93
838,Ferdinanda,Temperton,ftempertonn9@amazon.com,Genderqueer,214.117.102.97
839,Adorne,Cuberley,acuberleyna@ucoz.com,Agender,73.119.70.232
840,Helge,Helix,hhelixnb@geocities.com,Agender,1.17.112.92
841,Hewie,Jervois,hjervoisnc@jigsy.com,Female,109.176.105.142
842,Callida,Whitney,cwhitneynd@qq.com,Non-binary,9.242.55.218
843,Abbey,Lamberton,alambertonne@cnbc.com,Polygender,122.3.206.148
844,Haskel,Ortsmann,hortsmannnf@buzzfeed.com,Genderfluid,9.64.60.56
845,Sophronia,Heinrici,sheinricing@va.gov,Polygender,115.253.19.235
846,Netty,Ledekker,nledekkernh@illinois.edu,Male,160.86.251.232
847,Antonin,Ungerechts,aungerechtsni@zimbio.com,Non-binary,68.114.100.86
848,Worthy,d'Arcy,wdarcynj@google.com.au,Agender,185.98.62.206
849,Amitie,Madle,amadlenk@independent.co.uk,Genderqueer,216.125.106.187
850,Ches,Aulds,cauldsnl@nytimes.com,Agender,19.86.250.70
851,Bartolemo,Dumphy,bdumphynm@jimdo.com,Male,30.31.5.156
852,Pietro,Dusting,pdustingnn@typepad.com,Agender,129.244.248.63
853,Aurelea,Butterworth,abutterworthno@pagesperso-orange.fr,Non-binary,148.192.3.109
854,Phillie,Kelcey,pkelceynp@unesco.org,Non-binary,193.59.144.98
855,Lesya,Gert,lgertnq@cargocollective.com,Polygender,90.138.245.204
856,Philbert,Wyett,pwyettnr@aol.com,Agender,93.201.46.245
857,Marylou,BoHlingolsen,mbohlingolsenns@myspace.com,Genderfluid,85.88.194.24
858,Steven,Jumont,sjumontnt@state.gov,Female,199.96.144.236
859,Elsey,Bennough,ebennoughnu@joomla.org,Polygender,7.142.92.174
860,Roderic,Haddeston,rhaddestonnv@dmoz.org,Non-binary,98.18.227.111
861,Iseabal,Shears,ishearsnw@stumbleupon.com,Non-binary,177.164.195.244
862,Bud,Joincey,bjoinceynx@pinterest.com,Genderqueer,25.149.157.212
863,Dino,Brockhouse,dbrockhouseny@thetimes.co.uk,Male,117.184.172.5
864,Gwynne,Matschoss,gmatschossnz@vk.com,Genderfluid,179.15.167.104
865,Brynn,Richardt,brichardto0@scribd.com,Male,120.242.120.176
866,Suzi,Rolinson,srolinsono1@amazon.co.uk,Agender,152.219.192.69
867,Worthy,Bonfield,wbonfieldo2@nature.com,Male,238.244.90.119
868,Bendick,Dowry,bdowryo3@quantcast.com,Genderqueer,100.144.138.110
869,Caspar,Blowes,cbloweso4@ustream.tv,Polygender,18.115.143.171
870,Hermina,Lasselle,hlasselleo5@ustream.tv,Genderfluid,181.98.98.238
871,Anett,Townshend,atownshendo6@about.com,Agender,207.120.174.167
872,Denver,Eronie,deronieo7@cargocollective.com,Male,186.116.35.117
873,Almira,Pantlin,apantlino8@microsoft.com,Female,119.10.109.78
874,Andrus,Sutch,asutcho9@geocities.jp,Non-binary,164.3.231.47
875,Ottilie,Janosevic,ojanosevicoa@examiner.com,Male,58.232.49.227
876,Miquela,Pavitt,mpavittob@mtv.com,Agender,148.105.84.188
877,Debra,Andryunin,dandryuninoc@elpais.com,Genderqueer,217.172.201.146
878,Mildred,Tiebe,mtiebeod@whitehouse.gov,Male,19.136.146.248
879,Gwendolen,Buckberry,gbuckberryoe@ucoz.com,Non-binary,78.147.31.180
880,Stearn,Kemble,skembleof@xinhuanet.com,Genderfluid,246.143.18.231
881,Red,Robilliard,rrobilliardog@eventbrite.com,Bigender,40.137.151.251
882,Fernande,Stoves,fstovesoh@github.io,Bigender,201.89.63.37
883,Phaedra,Buston,pbustonoi@about.com,Male,204.186.228.152
884,Florenza,Roberts,frobertsoj@state.tx.us,Agender,148.235.37.10
885,Jackelyn,Filipczynski,jfilipczynskiok@youtu.be,Genderqueer,42.243.83.210
886,Della,Harmston,dharmstonol@simplemachines.org,Genderfluid,50.147.123.191
887,Lynnette,Renzo,lrenzoom@forbes.com,Agender,170.119.153.155
888,Ichabod,Bruna,ibrunaon@ask.com,Female,60.174.81.169
889,Jakie,Grabb,jgrabboo@rambler.ru,Polygender,59.133.84.122
890,Petr,Rubroe,prubroeop@so-net.ne.jp,Bigender,251.210.193.179
891,Geoff,Beardsdale,gbeardsdaleoq@alexa.com,Agender,152.154.6.127
892,Rivalee,McMarquis,rmcmarquisor@live.com,Bigender,177.103.219.128
893,Hatti,Brazur,hbrazuros@huffingtonpost.com,Bigender,126.104.123.33
894,Godfrey,Yele,gyeleot@washington.edu,Polygender,58.157.124.4
895,Christean,Conaghy,cconaghyou@ucsd.edu,Non-binary,201.34.68.18
896,Michaeline,Avrahamoff,mavrahamoffov@epa.gov,Male,154.146.155.20
897,Lemar,Golden,lgoldenow@cargocollective.com,Genderfluid,44.39.115.168
898,Farlee,Dobrowolny,fdobrowolnyox@sitemeter.com,Genderqueer,120.78.124.169
899,Matelda,Cluatt,mcluattoy@yellowpages.com,Bigender,172.106.199.215
900,Avigdor,Constable,aconstableoz@google.com.hk,Male,67.85.10.148
901,Penn,Yorke,pyorkep0@sina.com.cn,Polygender,251.245.44.91
902,Brodie,Stivey,bstiveyp1@soundcloud.com,Non-binary,251.97.119.175
903,Giffy,Wims,gwimsp2@webeden.co.uk,Genderfluid,16.234.162.150
904,Mata,Pearce,mpearcep3@netlog.com,Male,169.7.112.111
905,Harris,Josskovitz,hjosskovitzp4@barnesandnoble.com,Male,118.2.36.116
906,Susanna,Dibbin,sdibbinp5@who.int,Genderqueer,62.201.36.162
907,Leeanne,Spiby,lspibyp6@blogspot.com,Bigender,20.196.98.162
908,Minette,Zisneros,mzisnerosp7@webeden.co.uk,Genderqueer,234.146.47.205
909,Hugh,Hatchett,hhatchettp8@webeden.co.uk,Male,42.181.170.244
910,Vasilis,Reiner,vreinerp9@jigsy.com,Male,238.224.242.138
911,Ryann,Caulliere,rcaullierepa@lycos.com,Bigender,10.77.26.109
912,Sally,Bodleigh,sbodleighpb@sfgate.com,Non-binary,225.251.57.104
913,Carlynne,Gumary,cgumarypc@ox.ac.uk,Bigender,193.86.197.204
914,Samantha,Lavers,slaverspd@woothemes.com,Agender,137.202.84.36
915,Averil,Hoyes,ahoyespe@google.cn,Agender,18.101.2.129
916,Zak,Drugan,zdruganpf@gmpg.org,Polygender,60.74.195.210
917,Filbert,Claeskens,fclaeskenspg@github.io,Non-binary,58.198.194.184
918,Ernesta,Stopp,estoppph@mozilla.org,Agender,56.86.65.76
919,Bridie,Pendle,bpendlepi@wiley.com,Bigender,124.233.133.184
920,Jayne,Thornewill,jthornewillpj@hud.gov,Agender,21.104.208.254
921,Pavel,Satyford,psatyfordpk@rakuten.co.jp,Polygender,234.136.63.127
922,Parker,Powers,ppowerspl@naver.com,Male,237.199.135.44
923,Arlen,Arrol,aarrolpm@hao123.com,Female,116.240.166.32
924,Carlyle,Kenvin,ckenvinpn@wikispaces.com,Female,170.149.102.172
925,Kore,Wenham,kwenhampo@qq.com,Female,107.90.228.251
926,Raven,Meckiff,rmeckiffpp@spotify.com,Male,110.96.5.143
927,Tristam,Stubbes,tstubbespq@facebook.com,Polygender,158.103.206.21
928,Gradey,Basnett,gbasnettpr@mayoclinic.com,Genderfluid,60.178.163.172
929,Town,Balch,tbalchps@arstechnica.com,Genderfluid,36.56.151.35
930,Ellene,Govini,egovinipt@epa.gov,Genderfluid,30.123.53.94
931,Doy,Spratling,dspratlingpu@dell.com,Polygender,73.81.186.88
932,Gerladina,Dunsleve,gdunslevepv@unesco.org,Female,124.24.203.36
933,Shena,Stow,sstowpw@rediff.com,Agender,56.130.23.30
934,Gauthier,Warburton,gwarburtonpx@ebay.com,Genderfluid,245.156.239.187
935,Regine,Preskett,rpreskettpy@wordpress.com,Genderqueer,81.247.24.14
936,Dahlia,Bladon,dbladonpz@istockphoto.com,Non-binary,229.49.61.208
937,Agnella,Barrack,abarrackq0@so-net.ne.jp,Genderfluid,16.159.129.251
938,Olag,Rigler,origlerq1@nature.com,Bigender,223.96.125.148
939,Mariel,Goding,mgodingq2@nature.com,Polygender,213.132.201.53
940,Margarethe,Liversley,mliversleyq3@about.me,Polygender,72.12.57.65
941,Miof mela,Aubray,maubrayq4@edublogs.org,Genderqueer,231.33.231.151
942,Mandel,Draisey,mdraiseyq5@storify.com,Polygender,103.79.225.168
943,Myer,Diviney,mdivineyq6@tamu.edu,Non-binary,52.246.61.69
944,Frieda,Wilmington,fwilmingtonq7@nsw.gov.au,Agender,181.154.71.139
945,Laurent,Pauel,lpauelq8@purevolume.com,Female,122.56.12.211
946,Franzen,MacGeffen,fmacgeffenq9@wiley.com,Non-binary,55.157.141.143
947,Myriam,Duly,mdulyqa@liveinternet.ru,Male,103.225.135.181
948,Peter,Lisciardelli,plisciardelliqb@ebay.co.uk,Bigender,185.83.40.75
949,Benedetto,Flecknoe,bflecknoeqc@e-recht24.de,Genderqueer,189.254.82.240
950,Marillin,Farfull,mfarfullqd@rambler.ru,Genderqueer,149.111.54.44
951,Gladys,Cockland,gcocklandqe@state.gov,Polygender,117.90.15.16
952,Hammad,Rosenstengel,hrosenstengelqf@omniture.com,Non-binary,10.234.163.173
953,Keslie,O'Reagan,koreaganqg@accuweather.com,Bigender,77.51.140.220
954,Luise,Grigorushkin,lgrigorushkinqh@theglobeandmail.com,Genderfluid,223.184.30.43
955,Kim,Rawstorne,krawstorneqi@xrea.com,Polygender,67.113.22.49
956,Regan,Snoddy,rsnoddyqj@apple.com,Polygender,0.170.27.37
957,Margeaux,Bratten,mbrattenqk@yellowpages.com,Agender,29.43.172.248
958,Floyd,Ericsson,fericssonql@so-net.ne.jp,Female,135.158.137.115
959,Michel,Twinterman,mtwintermanqm@shop-pro.jp,Non-binary,150.29.126.12
960,Wade,Rushe,wrusheqn@dropbox.com,Bigender,47.95.152.106
961,Corabel,Lucio,clucioqo@seattletimes.com,Polygender,106.196.168.150
962,Neel,Clive,ncliveqp@alexa.com,Bigender,206.149.120.125
963,Florella,Poytres,fpoytresqq@cdbaby.com,Genderqueer,250.144.124.151
964,Devinne,Longcake,dlongcakeqr@oracle.com,Bigender,147.136.92.242
965,Robina,McGaughey,rmcgaugheyqs@blinklist.com,Female,221.11.38.79
966,Ash,Denisot,adenisotqt@ning.com,Female,186.29.33.223
967,Roderigo,Dominka,rdominkaqu@examiner.com,Genderfluid,241.149.182.143
968,Oliy,Kern,okernqv@state.tx.us,Female,104.42.76.93
969,Teddi,Lafford,tlaffordqw@economist.com,Polygender,121.59.212.219
970,Holly-anne,Klemenz,hklemenzqx@chronoengine.com,Genderfluid,165.160.20.254
971,Terri-jo,D'Avaux,tdavauxqy@bloglines.com,Bigender,87.148.249.41
972,Smith,Fradson,sfradsonqz@issuu.com,Non-binary,68.217.219.194
973,Porty,Hallewell,phallewellr0@barnesandnoble.com,Non-binary,247.28.224.137
974,Ursa,Goor,ugoorr1@jimdo.com,Genderqueer,125.245.176.173
975,Gwynne,Neeve,gneever2@macromedia.com,Genderqueer,70.151.247.32
976,Katheryn,Kohtler,kkohtlerr3@ameblo.jp,Genderfluid,124.155.74.231
977,Mabel,Kill,mkillr4@canalblog.com,Polygender,121.197.39.75
978,Concordia,Wellings,cwellingsr5@patch.com,Genderfluid,225.107.124.61
979,Eolanda,Lindroos,elindroosr6@blogtalkradio.com,Bigender,170.176.138.205
980,Odette,Corstorphine,ocorstorphiner7@opera.com,Polygender,122.94.97.98
981,Rosalyn,Brunsen,rbrunsenr8@1688.com,Agender,83.54.219.155
982,Vere,Hinners,vhinnersr9@theguardian.com,Female,169.210.53.248
983,Tomi,Dirand,tdirandra@si.edu,Polygender,216.211.43.203
984,Flore,Harbor,fharborrb@sina.com.cn,Polygender,232.242.186.223
985,Garrott,Rennard,grennardrc@woothemes.com,Polygender,121.29.3.155
986,Dulsea,Roffey,droffeyrd@illinois.edu,Male,15.123.201.181
987,Marja,Sitlington,msitlingtonre@macromedia.com,Bigender,101.80.229.179
988,Enoch,Romao,eromaorf@barnesandnoble.com,Female,216.113.46.195
989,Sheppard,Yockney,syockneyrg@printfriendly.com,Polygender,162.172.1.10
990,Sharyl,Chaimson,schaimsonrh@taobao.com,Bigender,29.118.213.135
991,Thor,Moyse,tmoyseri@squidoo.com,Female,150.42.187.37
992,Lurleen,Corish,lcorishrj@seesaa.net,Agender,100.141.71.227
993,Lorelei,Blaney,lblaneyrk@jigsy.com,Agender,55.20.61.7
994,Harman,Ghilardini,hghilardinirl@symantec.com,Genderfluid,196.101.43.166
995,Angel,McGeffen,amcgeffenrm@businessweek.com,Agender,238.246.84.190
996,Nathalie,Trusdale,ntrusdalern@vkontakte.ru,Non-binary,28.71.190.219
997,Petr,Suddick,psuddickro@creativecommons.org,Non-binary,68.92.43.217
998,Hedwig,Colquhoun,hcolquhounrp@posterous.com,Male,162.106.75.54
999,Katine,Crier,kcrierrq@fema.gov,Genderqueer,213.11.152.114
1000,Cymbre,Chinge,cchingerr@behance.net,Agender,218.186.30.12
